,danceability,energy,key,loudness,mode,speechiness,acousticness,instrumentalness,liveness,valence,tempo,id,uri,duration_ms,time_signature,label
0,0.639,0.269,8,-11.435,1,0.0698,0.982,0.12,0.141,0.539,124.866,1pZn8AX1WulW8IO338hE5D,spotify:track:1pZn8AX1WulW8IO338hE5D,207827,4,jazz
1,0.488,0.124,3,-13.038,1,0.0404,0.963,0.333,0.246,0.205,66.105,016HKF7A4O7tatoJ9BgZM1,spotify:track:016HKF7A4O7tatoJ9BgZM1,255960,4,jazz
2,0.395,0.121,9,-23.427,1,0.0327,0.935,0.397,0.697,0.139,114.521,6yKkA8HzwWTZ5taIMaG4Nm,spotify:track:6yKkA8HzwWTZ5taIMaG4Nm,297320,4,jazz
3,0.511,0.193,7,-15.148,1,0.0439,0.809,2.17e-05,0.129,0.164,116.348,4Y5fyQ5fBysC32Na5sZT3J,spotify:track:4Y5fyQ5fBysC32Na5sZT3J,305187,4,jazz
4,0.405,0.0277,3,-21.897,1,0.033,0.97,0.535,0.114,0.279,51.059,2GIqdPK9c8npWf07kU6bqH,spotify:track:2GIqdPK9c8npWf07kU6bqH,222360,4,jazz
5,0.425,0.0469,7,-18.612,0,0.0354,0.955,0.0,0.137,0.154,135.335,0f2489MzoisF9pKduawvce,spotify:track:0f2489MzoisF9pKduawvce,356627,4,jazz
6,0.474,0.0676,9,-16.101,0,0.0363,0.963,0.00291,0.14,0.248,115.713,0uPkCpuoERqrkBL06Art50,spotify:track:0uPkCpuoERqrkBL06Art50,295240,3,jazz
7,0.605,0.376,5,-14.978,1,0.0322,0.253,0.207,0.117,0.948,131.927,5z7deaTe21B7QVPhSDouL1,spotify:track:5z7deaTe21B7QVPhSDouL1,370867,4,jazz
8,0.541,0.607,0,-8.435,1,0.0438,0.727,0.442,0.0997,0.754,104.96,0zQE77yszbyv61M4NboU2u,spotify:track:0zQE77yszbyv61M4NboU2u,406267,4,jazz
9,0.542,0.32,8,-9.975,1,0.0387,0.907,0.649,0.0609,0.206,116.648,1wl5b2lw3YagQtZiYZbQWP,spotify:track:1wl5b2lw3YagQtZiYZbQWP,193840,4,jazz
10,0.262,0.356,0,-8.031,0,0.0303,0.613,0.0,0.175,0.426,174.176,2IdwQxhJn9ZE4zIotcCefR,spotify:track:2IdwQxhJn9ZE4zIotcCefR,187667,3,jazz
11,0.413,0.0552,8,-18.538,1,0.0346,0.977,0.00091,0.185,0.106,107.842,1GhDF8jJYkDtwH4NYXsDuh,spotify:track:1GhDF8jJYkDtwH4NYXsDuh,330427,5,jazz
12,0.576,0.335,7,-12.706,1,0.0438,0.748,0.0714,0.131,0.455,77.415,2gt0kkTEph69p2ZWn177Tt,spotify:track:2gt0kkTEph69p2ZWn177Tt,309360,4,jazz
13,0.45,0.154,1,-14.485,1,0.0373,0.938,4.37e-06,0.16,0.243,110.666,5gPetRvxQKyOjjwZX1dzbt,spotify:track:5gPetRvxQKyOjjwZX1dzbt,195667,4,jazz
14,0.389,0.145,5,-22.965,1,0.0301,0.92,0.876,0.656,0.15,99.541,3NmLBig4t7RZWbLT3U2eBb,spotify:track:3NmLBig4t7RZWbLT3U2eBb,360307,4,jazz
15,0.462,0.15,8,-13.531,1,0.0522,0.984,0.000902,0.105,0.19,98.66,30QD4VRP9yEneOh0eGTrtJ,spotify:track:30QD4VRP9yEneOh0eGTrtJ,207600,3,jazz
16,0.501,0.0454,0,-18.783,1,0.0388,0.938,3.76e-05,0.2,0.255,99.783,4m6OC8u2rC6LMFtFWsME7d,spotify:track:4m6OC8u2rC6LMFtFWsME7d,166760,4,jazz
17,0.593,0.103,10,-14.961,1,0.081,0.986,0.6,0.12,0.443,66.283,0ldmR2mJJNEoBIINfZWdv6,spotify:track:0ldmR2mJJNEoBIINfZWdv6,190933,4,jazz
18,0.478,0.0294,0,-25.319,1,0.0453,0.993,0.948,0.105,0.148,124.308,1cpANF6zMBoFoxkoIjZHjv,spotify:track:1cpANF6zMBoFoxkoIjZHjv,324200,3,jazz
19,0.573,0.247,5,-19.282,0,0.0627,0.713,5.64e-05,0.103,0.604,138.234,3iFlfQ0CXc9URaAvai8VUe,spotify:track:3iFlfQ0CXc9URaAvai8VUe,400447,4,jazz
20,0.476,0.251,9,-13.854,0,0.0278,0.769,0.774,0.0637,0.37,98.833,6f7r5i4xVwePkHDHwwMK75,spotify:track:6f7r5i4xVwePkHDHwwMK75,354973,4,jazz
21,0.608,0.387,11,-20.157,0,0.0411,0.86,0.662,0.187,0.809,91.489,5PXIzyJURVKyO1cwVDuGEK,spotify:track:5PXIzyJURVKyO1cwVDuGEK,149080,4,jazz
22,0.652,0.171,7,-16.1,1,0.0569,0.99,0.864,0.158,0.562,118.883,6ffJxrVKkPVW4hiRoiteB2,spotify:track:6ffJxrVKkPVW4hiRoiteB2,213387,4,jazz
23,0.626,0.152,5,-14.182,0,0.0405,0.934,6.05e-05,0.12,0.545,82.174,3pfbQmD5xGH9Tcc7GqGfSL,spotify:track:3pfbQmD5xGH9Tcc7GqGfSL,184467,4,jazz
24,0.476,0.0794,9,-19.166,0,0.0365,0.955,0.872,0.112,0.118,103.181,1wnbi9NzQPBCobZ6OYCpqH,spotify:track:1wnbi9NzQPBCobZ6OYCpqH,162680,4,jazz
25,0.496,0.127,0,-14.211,1,0.0382,0.927,7.07e-05,0.132,0.211,74.746,34zhjduFdQFhkRUJ230h9T,spotify:track:34zhjduFdQFhkRUJ230h9T,185587,4,jazz
26,0.419,0.0284,0,-24.09,1,0.0357,0.987,0.586,0.105,0.121,71.502,3Gcpi1CwKoQtc8B3H2ZOIX,spotify:track:3Gcpi1CwKoQtc8B3H2ZOIX,216360,4,jazz
27,0.558,0.231,5,-11.436,0,0.0812,0.805,0.0,0.142,0.403,73.103,0Rk9byjmZksAJX15onGns5,spotify:track:0Rk9byjmZksAJX15onGns5,167493,4,jazz
28,0.503,0.344,1,-19.024,1,0.0369,0.673,0.381,0.096,0.468,108.489,0m8tSPLHhjhGToD6LW0RPp,spotify:track:0m8tSPLHhjhGToD6LW0RPp,191933,4,jazz
29,0.781,0.106,9,-17.396,0,0.0584,0.947,0.0835,0.12,0.313,113.528,4z1E9GltZHciLum0ybby9h,spotify:track:4z1E9GltZHciLum0ybby9h,407800,4,jazz
30,0.319,0.157,0,-19.728,0,0.0368,0.987,0.849,0.138,0.266,191.259,4rrLFMxzVVwAJjmvHLPL8y,spotify:track:4rrLFMxzVVwAJjmvHLPL8y,321027,3,jazz
31,0.417,0.0644,4,-19.687,0,0.0359,0.971,0.000134,0.126,0.138,113.713,6Kr25pa3pTd4no3yA0EcW1,spotify:track:6Kr25pa3pTd4no3yA0EcW1,191960,4,jazz
32,0.224,0.214,2,-14.455,0,0.0348,0.976,0.00094,0.367,0.14,83.906,7gHFBNy0Qn86xGKJ9OdFTw,spotify:track:7gHFBNy0Qn86xGKJ9OdFTw,179373,3,jazz
33,0.559,0.288,5,-19.037,1,0.0381,0.885,0.926,0.642,0.474,87.998,49H4LDNFE5BU7ZMIg8UsZy,spotify:track:49H4LDNFE5BU7ZMIg8UsZy,420227,3,jazz
34,0.561,0.346,0,-12.596,0,0.0409,0.873,0.399,0.104,0.697,93.689,6CDQBADsdzJwc3qZ3OPDHH,spotify:track:6CDQBADsdzJwc3qZ3OPDHH,290293,4,jazz
35,0.356,0.324,7,-8.699,0,0.0289,0.704,0.0025,0.204,0.438,88.861,09g9OlH3RDjbffMAnvBPgw,spotify:track:09g9OlH3RDjbffMAnvBPgw,166133,4,jazz
36,0.496,0.634,5,-10.328,0,0.0364,0.779,0.402,0.0746,0.606,93.357,2iUrcZcAuVIahQD0dg9HLe,spotify:track:2iUrcZcAuVIahQD0dg9HLe,423573,4,jazz
37,0.531,0.366,5,-11.697,0,0.0496,0.911,0.88,0.0916,0.785,81.867,6qqK0oeBRapZn8f9hJJENw,spotify:track:6qqK0oeBRapZn8f9hJJENw,482440,4,jazz
38,0.443,0.104,0,-17.042,1,0.101,0.913,0.0,0.191,0.394,76.497,78MI7mu1LV1k4IA2HzKmHe,spotify:track:78MI7mu1LV1k4IA2HzKmHe,185160,4,jazz
39,0.465,0.35,3,-12.977,1,0.0403,0.41,0.279,0.135,0.62,93.336,6YYu8qFzcY1ZyzzsJIQM12,spotify:track:6YYu8qFzcY1ZyzzsJIQM12,688133,4,jazz
40,0.588,0.0387,0,-17.944,0,0.06,0.978,0.823,0.116,0.342,83.4,6oSm3mBWFxJHEnjE2IqhmA,spotify:track:6oSm3mBWFxJHEnjE2IqhmA,205667,4,jazz
41,0.703,0.187,5,-16.273,0,0.0676,0.815,0.000492,0.225,0.656,126.164,7yYgBAj3yaMdTgq7fIvDlQ,spotify:track:7yYgBAj3yaMdTgq7fIvDlQ,439507,4,jazz
42,0.599,0.444,5,-8.648,0,0.044,0.82,0.000474,0.122,0.508,142.81,10kVwPSRjUYja0EtdqmXHe,spotify:track:10kVwPSRjUYja0EtdqmXHe,369387,4,jazz
43,0.716,0.133,0,-15.846,1,0.0421,0.879,0.0,0.0966,0.551,62.14,7Kc3hZoCRTs5dNHU7GqT9x,spotify:track:7Kc3hZoCRTs5dNHU7GqT9x,140520,3,jazz
44,0.203,0.0186,9,-24.277,0,0.0408,0.985,0.377,0.0728,0.0481,76.591,5F8rPLt2c52p0SK7kiH26b,spotify:track:5F8rPLt2c52p0SK7kiH26b,415000,4,jazz
45,0.655,0.31,0,-13.4,1,0.0866,0.573,0.0,0.119,0.665,121.999,5TNpCThzzXHEipXGKgNG8T,spotify:track:5TNpCThzzXHEipXGKgNG8T,353267,4,jazz
46,0.437,0.0857,0,-18.129,1,0.0384,0.84,0.641,0.0898,0.206,73.161,5uNtaTmigAubx5fLfO92AW,spotify:track:5uNtaTmigAubx5fLfO92AW,259413,4,jazz
47,0.5,0.284,0,-15.59,1,0.0404,0.272,0.0432,0.12,0.576,93.724,4p4XgwnZJCYOWSvz8ruiOY,spotify:track:4p4XgwnZJCYOWSvz8ruiOY,332640,4,jazz
48,0.27,0.688,0,-16.305,1,0.0547,0.973,0.884,0.669,0.219,75.845,4FMI4Ln1LhyxGldkNXan5e,spotify:track:4FMI4Ln1LhyxGldkNXan5e,416840,4,jazz
49,0.444,0.339,3,-16.936,1,0.0418,0.66,0.103,0.163,0.656,142.112,2C3rh8eX5vltOmwrz9I78n,spotify:track:2C3rh8eX5vltOmwrz9I78n,456360,4,jazz
50,0.662,0.331,0,-12.712,1,0.0581,0.532,0.000125,0.253,0.408,120.228,0DXb75jBHund71iIpnBBZv,spotify:track:0DXb75jBHund71iIpnBBZv,340960,4,jazz
51,0.147,0.215,3,-14.594,0,0.0346,0.965,0.000928,0.184,0.102,171.46,7KsJkshpIjjeIwyKnkhQUc,spotify:track:7KsJkshpIjjeIwyKnkhQUc,266800,3,jazz
52,0.572,0.398,0,-10.751,1,0.0376,0.841,4.59e-06,0.128,0.76,86.135,2XzHou7MZzOBQBqjWw86Nt,spotify:track:2XzHou7MZzOBQBqjWw86Nt,244867,4,jazz
53,0.404,0.108,3,-17.931,1,0.0325,0.956,0.195,0.129,0.153,100.461,36rCZ6tC7PbfxfvcrcfsR3,spotify:track:36rCZ6tC7PbfxfvcrcfsR3,318507,3,jazz
54,0.303,0.175,1,-14.203,0,0.0378,0.974,1.32e-06,0.105,0.25,168.743,0HEU3berJ5OBojU8XmEk1c,spotify:track:0HEU3berJ5OBojU8XmEk1c,197667,4,jazz
55,0.564,0.097,5,-16.442,1,0.038,0.958,0.0588,0.119,0.393,132.653,6PKCEB5JzjCizpz9hUQcpX,spotify:track:6PKCEB5JzjCizpz9hUQcpX,346920,4,jazz
56,0.398,0.527,4,-16.591,0,0.0297,0.713,0.934,0.119,0.353,118.504,6eimz6jvlZaPwtflDWCTa0,spotify:track:6eimz6jvlZaPwtflDWCTa0,301867,4,jazz
57,0.493,0.0825,8,-19.02,1,0.0424,0.989,0.927,0.111,0.16,65.169,13hLjPatKentvawsFceF9a,spotify:track:13hLjPatKentvawsFceF9a,329067,4,jazz
58,0.47,0.144,10,-12.824,1,0.0365,0.912,0.000118,0.0965,0.243,84.787,4zxd4tiXPlWMqoJltbVTbE,spotify:track:4zxd4tiXPlWMqoJltbVTbE,284560,4,jazz
59,0.418,0.227,4,-15.537,0,0.0379,0.912,0.822,0.0956,0.21,103.586,4N6JkrGD78eLooaTDmwo9s,spotify:track:4N6JkrGD78eLooaTDmwo9s,395560,4,jazz
60,0.543,0.133,7,-16.846,0,0.1,0.805,0.00135,0.125,0.464,171.493,0GUUhTWMylAx5pHDI42t1V,spotify:track:0GUUhTWMylAx5pHDI42t1V,188960,4,jazz
61,0.442,0.033,10,-23.063,1,0.041,0.922,0.000171,0.151,0.21,103.34,4gFlHAye7To29Fs4UszQUH,spotify:track:4gFlHAye7To29Fs4UszQUH,179640,3,jazz
62,0.483,0.186,7,-21.828,0,0.042,0.943,0.877,0.115,0.51,150.705,0cNc2tivyPqzgp13BSM7St,spotify:track:0cNc2tivyPqzgp13BSM7St,321952,4,jazz
63,0.516,0.101,10,-12.753,0,0.0513,0.966,3.89e-05,0.0906,0.31,137.832,2TPRvPvUotVn4tGHAWWcog,spotify:track:2TPRvPvUotVn4tGHAWWcog,245000,4,jazz
64,0.497,0.153,5,-12.65,0,0.0407,0.978,0.809,0.138,0.276,100.222,3kYrQXSao9IXp3EzMZQt5J,spotify:track:3kYrQXSao9IXp3EzMZQt5J,405227,4,jazz
65,0.573,0.275,8,-10.684,1,0.0534,0.84,0.0,0.196,0.588,140.9,5BLr7EEgi2JdKbMbYjFXas,spotify:track:5BLr7EEgi2JdKbMbYjFXas,148267,4,jazz
66,0.499,0.434,8,-11.48,1,0.0735,0.716,0.0,0.165,0.727,119.134,6UkKOXXYGcKMR9X9S3f7Qi,spotify:track:6UkKOXXYGcKMR9X9S3f7Qi,164840,4,jazz
67,0.634,0.327,0,-9.703,0,0.0551,0.709,0.0131,0.158,0.498,80.825,4vWMrM0AwlhRlkAdQtC2zn,spotify:track:4vWMrM0AwlhRlkAdQtC2zn,209400,4,jazz
68,0.595,0.306,7,-14.404,1,0.0345,0.883,0.000386,0.0733,0.464,133.63,7ilc2TB1RZXbQJyFs5qCiC,spotify:track:7ilc2TB1RZXbQJyFs5qCiC,142533,4,jazz
69,0.58,0.48,7,-7.682,0,0.0339,0.837,0.00432,0.171,0.48,108.892,7CnOzCWGrTINcDExG6u99y,spotify:track:7CnOzCWGrTINcDExG6u99y,563613,4,jazz
70,0.435,0.499,9,-8.576,0,0.0317,0.768,0.107,0.131,0.683,121.924,74HwaWwtVa2buG8OIHZkgs,spotify:track:74HwaWwtVa2buG8OIHZkgs,352293,4,jazz
71,0.372,0.187,0,-13.497,0,0.0323,0.942,0.139,0.161,0.217,70.334,4rmCI9VWrwrJTJ8XQ80BMN,spotify:track:4rmCI9VWrwrJTJ8XQ80BMN,319733,4,jazz
72,0.589,0.386,5,-8.013,0,0.0441,0.75,0.0,0.15,0.518,142.371,47xU4Sm1RWZgRgugWPFxzz,spotify:track:47xU4Sm1RWZgRgugWPFxzz,127800,4,jazz
73,0.641,0.14,8,-16.79,1,0.039,0.867,0.00166,0.105,0.388,129.318,4xGFcQEIjtmbPD6Jsxq14M,spotify:track:4xGFcQEIjtmbPD6Jsxq14M,317987,4,jazz
74,0.373,0.302,1,-20.358,0,0.0376,0.818,0.835,0.171,0.35,86.925,0Dt1B5dNfajRczQKZA87aL,spotify:track:0Dt1B5dNfajRczQKZA87aL,435267,4,jazz
75,0.594,0.115,8,-14.916,1,0.044,0.99,0.853,0.107,0.456,126.902,1Lh7U5c3EvLBb6lSgHVFlR,spotify:track:1Lh7U5c3EvLBb6lSgHVFlR,170626,4,jazz
76,0.421,0.0162,2,-25.358,0,0.0388,0.808,0.0024,0.0978,0.154,110.479,0aWMVrwxPNYkKmFthzmpRi,spotify:track:0aWMVrwxPNYkKmFthzmpRi,337733,4,jazz
77,0.45,0.0288,7,-17.388,1,0.0467,0.994,0.895,0.118,0.358,130.838,5eFFsShr8vchESCk8HGxvn,spotify:track:5eFFsShr8vchESCk8HGxvn,274333,4,jazz
78,0.514,0.409,5,-10.341,0,0.0627,0.81,0.77,0.234,0.439,139.331,2F0cAwp8zmQ8McgBzjFWO0,spotify:track:2F0cAwp8zmQ8McgBzjFWO0,193160,4,jazz
79,0.525,0.222,10,-11.065,0,0.0373,0.836,0.0799,0.051,0.645,156.364,1xUJ1mdLAysxNBtO9w3J2g,spotify:track:1xUJ1mdLAysxNBtO9w3J2g,195533,4,jazz
80,0.803,0.335,8,-13.331,1,0.0451,0.579,0.0128,0.0849,0.786,132.682,18A1V1vsy5YgHFqb4galTw,spotify:track:18A1V1vsy5YgHFqb4galTw,330440,4,jazz
81,0.421,0.08,7,-21.795,1,0.04,0.903,0.859,0.135,0.0546,122.044,4G3EKvGtqcUSZqPQIWJFxd,spotify:track:4G3EKvGtqcUSZqPQIWJFxd,257693,3,jazz
82,0.464,0.305,3,-12.435,0,0.0316,0.936,0.0846,0.208,0.282,108.229,0E8q2Fx2XuzXCO2NSAppkR,spotify:track:0E8q2Fx2XuzXCO2NSAppkR,255227,4,jazz
83,0.484,0.635,0,-7.109,0,0.043,0.558,0.0,0.366,0.673,99.308,2CBfYM9el9Sh15s9NCeYFP,spotify:track:2CBfYM9el9Sh15s9NCeYFP,433107,4,jazz
84,0.529,0.0582,8,-19.131,1,0.0617,0.883,0.125,0.116,0.357,93.486,6tL1ZlPRSihc6gyWhVfA8X,spotify:track:6tL1ZlPRSihc6gyWhVfA8X,271893,4,jazz
85,0.749,0.152,5,-16.745,0,0.0493,0.655,0.000254,0.086,0.292,101.779,5doczA8CcUYo0J9H7uvHgU,spotify:track:5doczA8CcUYo0J9H7uvHgU,232307,4,jazz
86,0.529,0.0367,0,-21.63,1,0.0515,0.99,0.31,0.127,0.214,140.296,10El9hxviSBm7pChWxG1ib,spotify:track:10El9hxviSBm7pChWxG1ib,330693,4,jazz
87,0.504,0.0644,2,-14.754,0,0.0408,0.972,4.36e-06,0.174,0.403,106.994,1LGqJ3nvxpVXDWpEzq4DJD,spotify:track:1LGqJ3nvxpVXDWpEzq4DJD,181440,5,jazz
88,0.71,0.318,0,-8.948,0,0.0432,0.867,0.00038,0.169,0.58,126.05,7GBPpRMtLyGA6svXQMNfIN,spotify:track:7GBPpRMtLyGA6svXQMNfIN,194240,4,jazz
89,0.341,0.57,8,-11.71,1,0.0673,0.581,0.0,0.0966,0.392,89.754,7unF2ARDGldwWxZWCmlwDM,spotify:track:7unF2ARDGldwWxZWCmlwDM,437840,4,jazz
90,0.652,0.356,5,-13.733,0,0.0419,0.546,0.000103,0.132,0.56,148.822,2kF9Ijd7I2Kk2P4bYqUmzG,spotify:track:2kF9Ijd7I2Kk2P4bYqUmzG,242347,4,jazz
91,0.476,0.273,7,-17.457,0,0.0334,0.89,0.9,0.0978,0.164,117.779,1tbzRQCZUoKYMCxzK0Jx5p,spotify:track:1tbzRQCZUoKYMCxzK0Jx5p,392027,4,jazz
92,0.517,0.273,10,-17.279,0,0.0627,0.866,0.774,0.979,0.321,63.423,1GZD0TZJHmdQaZsucHBmWT,spotify:track:1GZD0TZJHmdQaZsucHBmWT,354573,4,jazz
93,0.623,0.403,5,-11.121,0,0.0426,0.451,1.13e-05,0.448,0.631,93.911,34xixFi5y3I5FIOH1ZWisx,spotify:track:34xixFi5y3I5FIOH1ZWisx,396960,4,jazz
94,0.386,0.075,5,-14.124,0,0.0348,0.985,0.904,0.0869,0.23,96.76,2FnTwpi1PdHLjgHv4XQEFn,spotify:track:2FnTwpi1PdHLjgHv4XQEFn,372787,4,jazz
95,0.45,0.285,8,-10.087,1,0.0414,0.796,0.0,0.0666,0.426,117.494,5S31HUP7cg0iOFxZ3QGFN5,spotify:track:5S31HUP7cg0iOFxZ3QGFN5,184093,4,jazz
96,0.438,0.00756,0,-26.44,0,0.0382,0.941,0.00643,0.109,0.277,133.32,4l9hml2UCnxoNI3yCdL1BW,spotify:track:4l9hml2UCnxoNI3yCdL1BW,141133,4,jazz
97,0.604,0.498,2,-9.905,1,0.0778,0.695,0.000786,0.528,0.733,96.097,0DUyHDBRaxFiXDf6Jhh4JD,spotify:track:0DUyHDBRaxFiXDf6Jhh4JD,207480,4,jazz
98,0.37,0.586,5,-13.468,0,0.0581,0.485,1.96e-06,0.348,0.519,121.573,0CLbmkYmQIWiEwnsbOkLpd,spotify:track:0CLbmkYmQIWiEwnsbOkLpd,462867,4,jazz
99,0.539,0.0678,0,-18.039,1,0.0468,0.967,0.168,0.114,0.263,124.105,4zPDjRgceGrR0Sm54YDTTf,spotify:track:4zPDjRgceGrR0Sm54YDTTf,294667,4,jazz
100,0.485,0.0735,6,-20.188,1,0.0709,0.784,0.855,0.0951,0.332,75.939,6W25U2EbDixQbLbqpjz0TT,spotify:track:6W25U2EbDixQbLbqpjz0TT,471173,4,jazz
101,0.631,0.261,5,-10.988,0,0.0424,0.424,6.64e-05,0.184,0.581,82.435,21HG0QIgIcVQ2EZeXubaqL,spotify:track:21HG0QIgIcVQ2EZeXubaqL,420693,4,jazz
102,0.358,0.452,1,-13.02,1,0.0347,0.991,0.864,0.14,0.525,166.973,0Otf1ZfYNIjhqFIuJk0fsy,spotify:track:0Otf1ZfYNIjhqFIuJk0fsy,193867,4,jazz
103,0.636,0.181,5,-17.511,0,0.0456,0.864,0.00251,0.0706,0.697,84.203,16KZuJfRKqMZQvmOibsVqX,spotify:track:16KZuJfRKqMZQvmOibsVqX,282867,3,jazz
104,0.698,0.0926,2,-20.716,0,0.05,0.861,0.49,0.0887,0.0961,81.187,2Ob1A4itFyJWUa6fpwqAOs,spotify:track:2Ob1A4itFyJWUa6fpwqAOs,253840,4,jazz
105,0.597,0.128,9,-16.656,0,0.0491,0.959,0.000704,0.123,0.34,128.393,0xcJPMoBe9FenntXbfyx97,spotify:track:0xcJPMoBe9FenntXbfyx97,254400,4,jazz
106,0.532,0.0657,0,-19.136,0,0.0406,0.94,0.00488,0.0946,0.292,128.607,0F845nujLVqCb0XMZCh5Pc,spotify:track:0F845nujLVqCb0XMZCh5Pc,201440,4,jazz
107,0.5,0.208,6,-14.235,1,0.0743,0.769,0.496,0.372,0.461,180.852,4F0sSQCicLl5tme407ubvS,spotify:track:4F0sSQCicLl5tme407ubvS,282667,3,jazz
108,0.477,0.733,8,-8.301,1,0.0682,0.732,0.0756,0.153,0.385,120.42,5z8eOnPiOC22EYpniAX3Qg,spotify:track:5z8eOnPiOC22EYpniAX3Qg,368253,3,jazz
109,0.492,0.0671,10,-15.671,0,0.0399,0.958,0.000968,0.109,0.165,124.908,1xlyVmdCo5lMRIzuMlAUF7,spotify:track:1xlyVmdCo5lMRIzuMlAUF7,147413,4,jazz
110,0.203,0.0895,2,-19.755,0,0.0404,0.971,0.0213,0.108,0.115,173.451,2WMyu5IYgxEuCd6xgFgJrl,spotify:track:2WMyu5IYgxEuCd6xgFgJrl,173533,1,jazz
111,0.203,0.306,10,-12.366,0,0.0344,0.952,0.000307,0.281,0.0625,76.905,6RqomqKVORIwNJCKNxvc3F,spotify:track:6RqomqKVORIwNJCKNxvc3F,181493,4,jazz
112,0.654,0.334,8,-12.662,1,0.0521,0.702,0.714,0.114,0.697,81.544,2oMaXY0yiWhAEWD7SutXh2,spotify:track:2oMaXY0yiWhAEWD7SutXh2,410667,4,jazz
113,0.438,0.0172,9,-23.66,1,0.0384,0.973,0.557,0.0815,0.136,100.989,1WygPWqmNs4s2fxtjmtI3O,spotify:track:1WygPWqmNs4s2fxtjmtI3O,354667,4,jazz
114,0.651,0.143,5,-22.617,1,0.0531,0.752,0.421,0.138,0.601,78.792,6OH7UCFY7SEJxxQkaYfAv8,spotify:track:6OH7UCFY7SEJxxQkaYfAv8,519600,4,jazz
115,0.624,0.383,8,-10.561,1,0.0633,0.627,5.44e-06,0.0963,0.674,117.526,3bYBPyLGsa1unDrVaNzN4y,spotify:track:3bYBPyLGsa1unDrVaNzN4y,331267,4,jazz
116,0.277,0.242,4,-18.442,1,0.0342,0.694,0.464,0.113,0.285,175.384,2JOEPbuwVf0nafGnMSVEhH,spotify:track:2JOEPbuwVf0nafGnMSVEhH,824133,3,jazz
117,0.659,0.113,10,-16.756,0,0.0569,0.976,0.88,0.179,0.738,95.063,2xm9ihELo6xwrRKrBbPql9,spotify:track:2xm9ihELo6xwrRKrBbPql9,182360,4,jazz
118,0.357,0.144,10,-11.261,1,0.0313,0.957,0.288,0.235,0.138,77.983,1JXxyiihPJrMLotLklU0Cb,spotify:track:1JXxyiihPJrMLotLklU0Cb,374627,4,jazz
119,0.589,0.184,0,-12.282,1,0.049,0.631,0.0,0.0819,0.343,98.365,2bOUrmH6OljKtXOLjvVEU8,spotify:track:2bOUrmH6OljKtXOLjvVEU8,139200,4,jazz
120,0.761,0.103,10,-16.964,1,0.0416,0.944,0.0,0.127,0.53,114.044,373yGkNo74RZgmQgTiR8xK,spotify:track:373yGkNo74RZgmQgTiR8xK,160133,4,jazz
121,0.615,0.145,7,-14.283,1,0.0422,0.748,0.0,0.0292,0.505,102.633,4R6rf3KbP45JST6Cr3Enry,spotify:track:4R6rf3KbP45JST6Cr3Enry,130253,4,jazz
122,0.279,0.129,9,-14.595,1,0.0326,0.939,0.000229,0.204,0.0796,59.991,3Sqv7KrLRowdwRwgpT4FAh,spotify:track:3Sqv7KrLRowdwRwgpT4FAh,153707,4,jazz
123,0.425,0.0429,1,-24.86,1,0.0408,0.951,0.0184,0.148,0.255,96.097,4bRNH9mxHDszZGskpBFhPq,spotify:track:4bRNH9mxHDszZGskpBFhPq,419627,4,jazz
124,0.535,0.258,7,-9.499,0,0.033,0.768,8.95e-05,0.115,0.281,110.953,0X5DcGkbxCXSadgj01ZXd7,spotify:track:0X5DcGkbxCXSadgj01ZXd7,659520,4,jazz
125,0.549,0.124,0,-13.793,0,0.0397,0.938,0.00175,0.126,0.32,66.184,0MfK7lsLUvMq2CURkt61uF,spotify:track:0MfK7lsLUvMq2CURkt61uF,360827,4,jazz
126,0.54,0.327,2,-8.933,0,0.0363,0.868,0.356,0.121,0.356,96.224,5PfcpDnzz8VdUoziFWnhrU,spotify:track:5PfcpDnzz8VdUoziFWnhrU,473387,4,jazz
127,0.381,0.313,7,-11.852,0,0.0312,0.897,0.0432,0.135,0.376,127.106,5FLQmLjjeNIuC8U5mDnXC8,spotify:track:5FLQmLjjeNIuC8U5mDnXC8,422907,4,jazz
128,0.564,0.305,10,-14.224,0,0.063,0.794,0.0983,0.152,0.571,115.739,5eMz1VtT2zNtsyh1bDgDhb,spotify:track:5eMz1VtT2zNtsyh1bDgDhb,266707,4,jazz
129,0.416,0.201,8,-11.461,1,0.0379,0.975,0.803,0.107,0.372,165.869,6MXrGG7nff0FXBQJa5UF9P,spotify:track:6MXrGG7nff0FXBQJa5UF9P,339333,3,jazz
130,0.455,0.106,2,-14.086,1,0.0422,0.986,0.0,0.122,0.258,66.807,5DIVWgTeJ2fPIxaY9e7ZKn,spotify:track:5DIVWgTeJ2fPIxaY9e7ZKn,196440,4,jazz
131,0.365,0.136,0,-12.42,1,0.0436,0.921,0.0,0.103,0.255,64.212,0DuWyzeLH09PQcnOMJiRgE,spotify:track:0DuWyzeLH09PQcnOMJiRgE,197707,3,jazz
132,0.544,0.425,10,-10.231,1,0.0346,0.719,0.0186,0.964,0.348,84.443,6NF8MZ2trxckVBr82pyyPt,spotify:track:6NF8MZ2trxckVBr82pyyPt,313200,4,jazz
133,0.423,0.0418,10,-17.75,1,0.0323,0.953,0.0,0.125,0.137,105.901,3341eBppSCetzo507uJU06,spotify:track:3341eBppSCetzo507uJU06,178067,4,jazz
134,0.378,0.232,0,-18.05,1,0.0303,0.87,0.948,0.1,0.155,148.531,4KGcpnAbGlvVgd2HFQvexI,spotify:track:4KGcpnAbGlvVgd2HFQvexI,306200,4,jazz
135,0.607,0.311,5,-16.927,0,0.0354,0.535,0.881,0.0937,0.312,135.712,3TSdkwPeUfvgLwNTF8gfC0,spotify:track:3TSdkwPeUfvgLwNTF8gfC0,370385,4,jazz
136,0.438,0.129,5,-15.984,1,0.0346,0.957,0.0459,0.0884,0.127,84.845,4dUVpbIu8FW7R76gejw3cq,spotify:track:4dUVpbIu8FW7R76gejw3cq,284680,3,jazz
137,0.493,0.295,1,-15.536,1,0.0489,0.537,0.241,0.241,0.486,99.579,1M0bEJicvT2qmdJej9wjyk,spotify:track:1M0bEJicvT2qmdJej9wjyk,417320,4,jazz
138,0.578,0.351,11,-12.432,0,0.101,0.813,0.0,0.123,0.476,122.712,5z161QQZMgQxSILnv3QoJk,spotify:track:5z161QQZMgQxSILnv3QoJk,240867,4,jazz
139,0.591,0.0252,4,-15.214,0,0.0465,0.988,1.23e-05,0.0995,0.347,69.382,3lO4Z6BSp773vcovgYurHg,spotify:track:3lO4Z6BSp773vcovgYurHg,194573,4,jazz
140,0.522,0.379,4,-14.096,0,0.0286,0.635,0.925,0.114,0.454,133.698,7yzM0pEseQUpb6BMViOPEA,spotify:track:7yzM0pEseQUpb6BMViOPEA,251600,3,jazz
141,0.611,0.291,2,-18.392,1,0.0647,0.765,0.000133,0.0571,0.534,83.443,2EW1mFJaikQh0vxOoB7uGp,spotify:track:2EW1mFJaikQh0vxOoB7uGp,283740,4,jazz
142,0.308,0.114,5,-20.291,1,0.0399,0.912,0.919,0.169,0.163,79.261,1cfMdMmJqBlLn4auevv0iB,spotify:track:1cfMdMmJqBlLn4auevv0iB,439120,4,jazz
143,0.653,0.0518,8,-19.594,1,0.0359,0.874,1.94e-06,0.242,0.426,96.591,67fFApZyHZ9LjsvkUQJShY,spotify:track:67fFApZyHZ9LjsvkUQJShY,185467,4,jazz
144,0.494,0.182,10,-11.116,0,0.0443,0.79,0.00036,0.129,0.21,112.689,5vb7At47uO0yPGfmYnAHuw,spotify:track:5vb7At47uO0yPGfmYnAHuw,355333,4,jazz
145,0.336,0.0619,5,-20.494,0,0.0363,0.985,0.891,0.11,0.197,60.705,3GOZbK2epuHzCt5YvvVFHO,spotify:track:3GOZbK2epuHzCt5YvvVFHO,190400,4,jazz
146,0.223,0.105,11,-18.898,0,0.0364,0.744,0.0,0.0889,0.178,170.469,13Nh6UPBy8WgoTc5l7iGR8,spotify:track:13Nh6UPBy8WgoTc5l7iGR8,161173,4,jazz
147,0.629,0.283,0,-17.384,0,0.0436,0.816,0.000437,0.192,0.862,104.739,0iEtT7O43pat2fu6jdaCKl,spotify:track:0iEtT7O43pat2fu6jdaCKl,237447,4,jazz
148,0.215,0.247,9,-15.11,0,0.0354,0.822,7.5e-05,0.355,0.0842,86.391,5UPJdlkMWG2G2UwTfGSjOe,spotify:track:5UPJdlkMWG2G2UwTfGSjOe,228133,3,jazz
149,0.585,0.375,2,-12.171,0,0.0504,0.78,0.00365,0.0806,0.665,72.59,5wcAcShxT5qvLJvuM6jkZt,spotify:track:5wcAcShxT5qvLJvuM6jkZt,367400,4,jazz
150,0.303,0.0141,10,-19.759,0,0.0418,0.948,0.0944,0.0792,0.157,171.439,1hVRTl4yhWmGW7ImZoO22e,spotify:track:1hVRTl4yhWmGW7ImZoO22e,258266,3,jazz
151,0.53,0.143,8,-17.471,1,0.0423,0.958,0.497,0.278,0.119,125.464,0ivpUENLpheuPoa6VuY1ax,spotify:track:0ivpUENLpheuPoa6VuY1ax,442227,4,jazz
152,0.477,0.237,4,-17.115,0,0.0321,0.947,0.901,0.0974,0.178,126.222,2qswPLZD9CbUoSidGNyxwm,spotify:track:2qswPLZD9CbUoSidGNyxwm,280481,3,jazz
153,0.417,0.11,5,-16.504,0,0.0405,0.951,0.721,0.174,0.22,57.312,11vaRXRIFXJTRr3BuzNbk5,spotify:track:11vaRXRIFXJTRr3BuzNbk5,313440,4,jazz
154,0.704,0.277,0,-11.675,1,0.035,0.814,0.756,0.0845,0.322,90.38,6oWhUfePc5h9r5pfw7wvPN,spotify:track:6oWhUfePc5h9r5pfw7wvPN,597280,4,jazz
155,0.532,0.151,0,-17.266,1,0.0376,0.706,0.00136,0.116,0.211,136.759,4vLYewWIvqHfKtJDk8c8tq,spotify:track:4vLYewWIvqHfKtJDk8c8tq,562640,4,jazz
156,0.571,0.349,0,-10.584,0,0.042,0.525,0.00273,0.14,0.62,118.673,7lApnj6eswDJvT8mqGrut6,spotify:track:7lApnj6eswDJvT8mqGrut6,291840,3,jazz
157,0.456,0.205,11,-19.74,0,0.0452,0.952,0.889,0.101,0.31,111.5,6linlPbVWEecMEMfNcul1e,spotify:track:6linlPbVWEecMEMfNcul1e,377707,4,jazz
158,0.628,0.629,2,-10.234,0,0.0398,0.709,0.0583,0.0791,0.801,127.812,0gutl81vbXX1JGp5M0OoiE,spotify:track:0gutl81vbXX1JGp5M0OoiE,193467,4,jazz
159,0.376,0.278,0,-8.597,0,0.0416,0.912,0.886,0.0728,0.199,62.055,6KawDsALZTY6FA8CE1NLZK,spotify:track:6KawDsALZTY6FA8CE1NLZK,429040,4,jazz
160,0.546,0.305,3,-10.934,1,0.0494,0.789,0.352,0.125,0.664,164.902,0sQ9ee2jJNTQgjy55Pse5H,spotify:track:0sQ9ee2jJNTQgjy55Pse5H,198800,3,jazz
161,0.511,0.031,3,-19.636,1,0.0388,0.939,0.898,0.139,0.179,112.911,2QZtOFPATNgKpUJiGUARZk,spotify:track:2QZtOFPATNgKpUJiGUARZk,318413,4,jazz
162,0.553,0.546,9,-7.459,0,0.0341,0.439,0.000557,0.167,0.7,118.214,1xicvSO4CJ2ymqYgpk7DFh,spotify:track:1xicvSO4CJ2ymqYgpk7DFh,342067,4,jazz
163,0.392,0.168,10,-22.249,1,0.0442,0.637,0.358,0.198,0.292,123.419,2dPWP7FMCxnv4u9Api6WWU,spotify:track:2dPWP7FMCxnv4u9Api6WWU,277800,4,jazz
164,0.503,0.34,2,-9.034,0,0.0374,0.694,0.0,0.102,0.651,142.83,7hvZ6vMAnO0cDkkKKJok4Y,spotify:track:7hvZ6vMAnO0cDkkKKJok4Y,412653,4,jazz
165,0.457,0.548,5,-12.486,0,0.0551,0.111,0.00016,0.103,0.76,88.8,16nJl8NnriCJxraco5Zssm,spotify:track:16nJl8NnriCJxraco5Zssm,440840,4,jazz
166,0.35,0.323,10,-19.458,1,0.0345,0.854,0.88,0.235,0.6,173.122,7z4EbJbnbvWcP9Bg15fpgC,spotify:track:7z4EbJbnbvWcP9Bg15fpgC,321157,4,jazz
167,0.567,0.124,0,-16.446,1,0.0562,0.792,0.0,0.106,0.343,79.37,0BFCbH1cxzeUSJBVwJGRLg,spotify:track:0BFCbH1cxzeUSJBVwJGRLg,162867,4,jazz
168,0.558,0.0891,2,-17.633,0,0.0643,0.946,0.924,0.0966,0.13,100.523,3Wadbk42UtsJOT5mCx9Bb0,spotify:track:3Wadbk42UtsJOT5mCx9Bb0,243773,4,jazz
169,0.629,0.278,8,-12.229,1,0.0329,0.662,0.000229,0.106,0.503,128.453,3NvYPUNu6nwQgN31UnoDbn,spotify:track:3NvYPUNu6nwQgN31UnoDbn,586493,4,jazz
170,0.664,0.422,5,-11.738,1,0.0552,0.388,0.000107,0.0626,0.533,89.263,71KwWlZvuikRRORNH3xvCq,spotify:track:71KwWlZvuikRRORNH3xvCq,327773,4,jazz
171,0.616,0.434,5,-7.257,0,0.031,0.581,0.0,0.131,0.404,108.467,4f0D7T8yswXUJ62AKLoMtS,spotify:track:4f0D7T8yswXUJ62AKLoMtS,505453,4,jazz
172,0.488,0.0527,5,-27.331,1,0.0478,0.971,0.911,0.0882,0.193,49.689,4ol2UyMTiklHVujAWg02nE,spotify:track:4ol2UyMTiklHVujAWg02nE,306227,4,jazz
173,0.349,0.182,5,-13.507,1,0.031,0.92,0.0152,0.143,0.178,136.094,648TTtYB0bH0P8Hfy0FmkL,spotify:track:648TTtYB0bH0P8Hfy0FmkL,191973,3,jazz
174,0.506,0.493,8,-7.759,1,0.0427,0.798,0.00355,0.307,0.584,134.77,6ZgaUtMlUzUf7SqbUUnfbu,spotify:track:6ZgaUtMlUzUf7SqbUUnfbu,644013,4,jazz
175,0.746,0.243,4,-15.134,0,0.123,0.829,1.02e-06,0.0905,0.425,118.578,6VTbbVjKOC2qWagIDbkJrC,spotify:track:6VTbbVjKOC2qWagIDbkJrC,215747,4,jazz
176,0.286,0.0553,5,-20.216,0,0.034,0.982,0.592,0.0989,0.182,52.789,2n0nSu6H5KrAYRfI6iKtwT,spotify:track:2n0nSu6H5KrAYRfI6iKtwT,332133,4,jazz
177,0.438,0.182,2,-15.209,0,0.0338,0.983,0.841,0.119,0.0639,65.535,7hDq6sOZ5Rl1XnSSfoOBRK,spotify:track:7hDq6sOZ5Rl1XnSSfoOBRK,284187,3,jazz
178,0.402,0.409,5,-13.95,0,0.0363,0.128,0.000568,0.0947,0.489,130.681,2wjHWYJVAs5TYSRP83JLmc,spotify:track:2wjHWYJVAs5TYSRP83JLmc,585960,4,jazz
179,0.528,0.583,7,-8.776,0,0.0643,0.592,0.0,0.305,0.671,96.284,5KQ6uddno2Hht84gJDHsPF,spotify:track:5KQ6uddno2Hht84gJDHsPF,495373,4,jazz
180,0.394,0.23,3,-10.475,1,0.0348,0.931,0.497,0.0662,0.358,78.319,5p95DUZplmVxY0XCQ3hxUV,spotify:track:5p95DUZplmVxY0XCQ3hxUV,477760,4,jazz
181,0.394,0.441,8,-14.237,1,0.0371,0.692,0.0375,0.105,0.629,90.058,3AJSnSiVDz37q85LP2Rop0,spotify:track:3AJSnSiVDz37q85LP2Rop0,378960,4,jazz
182,0.673,0.377,0,-14.141,1,0.0697,0.586,0.0,0.332,0.713,88.973,0RNxWy0PC3AyH4ThH3aGK6,spotify:track:0RNxWy0PC3AyH4ThH3aGK6,201467,4,jazz
183,0.492,0.583,8,-9.927,1,0.19,0.673,2.38e-06,0.201,0.798,73.64,2cOSF20k8VkEoXllO0PsbG,spotify:track:2cOSF20k8VkEoXllO0PsbG,178533,4,jazz
184,0.499,0.0808,8,-17.369,0,0.0427,0.989,0.799,0.0723,0.216,95.37,1ebZEQLe2lfwyMnuhnIDjx,spotify:track:1ebZEQLe2lfwyMnuhnIDjx,413307,4,jazz
185,0.445,0.304,8,-12.261,1,0.0437,0.742,0.00068,0.175,0.362,76.74,0tUq1zaYNoV6ZiYRU2bjqf,spotify:track:0tUq1zaYNoV6ZiYRU2bjqf,589200,4,jazz
186,0.623,0.345,8,-8.891,1,0.0386,0.61,0.069,0.0983,0.28,126.24,3YiuJ3OstUEa93UBqb1vcn,spotify:track:3YiuJ3OstUEa93UBqb1vcn,484107,4,jazz
187,0.701,0.393,5,-9.868,1,0.155,0.919,0.384,0.0964,0.791,75.908,1xXydFs62EqOXFMPizVhn4,spotify:track:1xXydFs62EqOXFMPizVhn4,196640,4,jazz
188,0.468,0.391,2,-13.196,0,0.0269,0.658,0.0617,0.111,0.342,142.413,1ChYuSIoOFDVY6fHSXF6zS,spotify:track:1ChYuSIoOFDVY6fHSXF6zS,550493,4,jazz
189,0.487,0.535,8,-8.47,0,0.0305,0.73,0.00414,0.0903,0.591,144.548,1duGF26RKaTntfsJ0cTkzj,spotify:track:1duGF26RKaTntfsJ0cTkzj,379000,3,jazz
190,0.67,0.365,0,-10.158,1,0.0564,0.525,0.0,0.0575,0.45,119.344,2dR5WkrpwylTuT3jRWNufa,spotify:track:2dR5WkrpwylTuT3jRWNufa,147147,4,jazz
191,0.412,0.434,0,-13.3,1,0.0483,0.509,0.00735,0.24,0.505,94.84,12cMYRYTV2RTz4YTlOpgSu,spotify:track:12cMYRYTV2RTz4YTlOpgSu,339067,4,jazz
192,0.59,0.485,0,-5.262,0,0.197,0.81,0.0,0.281,0.695,148.851,0KDn1UsD2ym34dCT4P9ebj,spotify:track:0KDn1UsD2ym34dCT4P9ebj,147667,4,jazz
193,0.539,0.403,8,-9.168,1,0.0531,0.794,0.000613,0.278,0.699,165.301,2BhU0Hl5OatWiCW93pE2b8,spotify:track:2BhU0Hl5OatWiCW93pE2b8,342333,4,jazz
194,0.665,0.359,1,-8.887,1,0.0326,0.801,0.106,0.145,0.4,111.639,3Ysj0cl3Jlb6Ysp6um8QI7,spotify:track:3Ysj0cl3Jlb6Ysp6um8QI7,368747,4,jazz
195,0.355,0.0304,1,-20.479,1,0.0361,0.989,0.0555,0.116,0.188,90.495,4smkJW6uzoHxGReZqqwHS5,spotify:track:4smkJW6uzoHxGReZqqwHS5,211533,3,jazz
196,0.575,0.187,0,-13.081,0,0.0513,0.927,0.876,0.166,0.342,107.469,4ow1XH4hwe3yOGXG2eTTTY,spotify:track:4ow1XH4hwe3yOGXG2eTTTY,525613,4,jazz
197,0.488,0.337,5,-10.185,0,0.0463,0.851,2.12e-05,0.126,0.471,133.27,2Ef24NcyyZAMngL4uQd3xC,spotify:track:2Ef24NcyyZAMngL4uQd3xC,181653,4,jazz
198,0.419,0.296,6,-14.721,1,0.0308,0.914,0.927,0.193,0.121,111.452,7tQ7e28gdQNhLcIbqc1PXY,spotify:track:7tQ7e28gdQNhLcIbqc1PXY,498107,4,jazz
199,0.742,0.671,5,-8.142,0,0.0407,0.794,0.00441,0.122,0.591,127.359,1CDBaGlisZlOJzvx88lL8A,spotify:track:1CDBaGlisZlOJzvx88lL8A,438280,4,jazz
200,0.427,0.114,2,-22.546,0,0.0509,0.843,0.863,0.0966,0.114,60.484,1J9iVCaEriyoMXpj2XszhU,spotify:track:1J9iVCaEriyoMXpj2XszhU,282320,4,jazz
201,0.492,0.205,9,-8.488,0,0.0577,0.983,0.893,0.122,0.109,128.315,6TAW00MAPvS59yEoIgtOEI,spotify:track:6TAW00MAPvS59yEoIgtOEI,310055,4,jazz
202,0.632,0.202,2,-13.068,0,0.0587,0.766,0.0,0.146,0.488,134.298,3MRu7wA7ziRNf2cZr9gqtb,spotify:track:3MRu7wA7ziRNf2cZr9gqtb,228067,3,jazz
203,0.578,0.566,0,-8.733,1,0.0531,0.755,0.537,0.0987,0.83,125.03,7kDlGHJVjuMGVZWNDlH9Ru,spotify:track:7kDlGHJVjuMGVZWNDlH9Ru,281987,4,jazz
204,0.612,0.493,5,-8.589,0,0.0467,0.804,0.266,0.202,0.484,126.358,4Vkk3iD1VrENHJEACNddvt,spotify:track:4Vkk3iD1VrENHJEACNddvt,570720,4,jazz
205,0.583,0.376,6,-10.914,1,0.0433,0.725,0.251,0.0642,0.614,120.713,3Y0LpU5kqQ3vSZvwcGjl1M,spotify:track:3Y0LpU5kqQ3vSZvwcGjl1M,217373,4,jazz
206,0.371,0.0823,3,-20.45,1,0.0352,0.963,0.49,0.0838,0.0789,106.146,08lUeu1CxXvAoaKkemoEk8,spotify:track:08lUeu1CxXvAoaKkemoEk8,431267,4,jazz
207,0.463,0.263,9,-18.136,1,0.0288,0.878,0.264,0.0958,0.123,112.799,76XN6m7RzGYwnzngUGD6Tt,spotify:track:76XN6m7RzGYwnzngUGD6Tt,357423,4,jazz
208,0.519,0.0422,1,-10.778,1,0.0537,0.966,0.929,0.124,0.397,130.436,6rK27cC9hX0e1Chrnxo9Vn,spotify:track:6rK27cC9hX0e1Chrnxo9Vn,252947,3,jazz
209,0.467,0.459,0,-9.706,0,0.0305,0.719,0.00312,0.0944,0.178,124.379,0T1EaGm6b9eM7xBf4F1hlc,spotify:track:0T1EaGm6b9eM7xBf4F1hlc,477093,4,jazz
210,0.224,0.122,2,-16.766,1,0.036,0.985,0.0206,0.111,0.0952,82.277,6YRVj7ZJyFrr6tso0QV15e,spotify:track:6YRVj7ZJyFrr6tso0QV15e,235760,4,jazz
211,0.393,0.0331,3,-17.548,0,0.0417,0.973,0.000965,0.11,0.159,85.773,7yCEzOAfijmD88IA1DHgSo,spotify:track:7yCEzOAfijmD88IA1DHgSo,180200,3,jazz
212,0.428,0.0768,0,-17.412,0,0.0413,0.774,0.0487,0.123,0.112,107.712,013grywiX7Qu6WVfnJ1opa,spotify:track:013grywiX7Qu6WVfnJ1opa,308933,4,jazz
213,0.446,0.191,10,-15.854,1,0.0385,0.925,0.574,0.3,0.291,137.046,1iCAi2GzGYqCEm1t3Zpx8O,spotify:track:1iCAi2GzGYqCEm1t3Zpx8O,527579,4,jazz
214,0.612,0.526,0,-8.558,0,0.0272,0.727,0.0331,0.183,0.594,129.341,38xcUjiTP1ivfb7ObwjyGA,spotify:track:38xcUjiTP1ivfb7ObwjyGA,429267,4,jazz
215,0.618,0.0772,9,-21.306,0,0.0514,0.975,0.919,0.107,0.36,104.691,1CRxANVlNyN2IYjarx96gU,spotify:track:1CRxANVlNyN2IYjarx96gU,273800,4,jazz
216,0.406,0.746,10,-7.838,1,0.0524,0.403,0.0816,0.305,0.59,93.056,4ZAcQgIlpV5z7k7evEF0MJ,spotify:track:4ZAcQgIlpV5z7k7evEF0MJ,441427,4,jazz
217,0.417,0.42,0,-13.046,0,0.06,0.186,0.00111,0.185,0.517,147.143,1ZXu0ib26kWfQQngREMcU2,spotify:track:1ZXu0ib26kWfQQngREMcU2,287844,4,jazz
218,0.555,0.0356,7,-20.862,0,0.0425,0.941,0.137,0.0816,0.194,111.337,0sRAziWSeUedBSKjapsy9F,spotify:track:0sRAziWSeUedBSKjapsy9F,297876,4,jazz
219,0.631,0.197,0,-15.774,0,0.0489,0.886,0.000587,0.332,0.67,87.544,5TGGsgsY7WS5Q1w8N581wD,spotify:track:5TGGsgsY7WS5Q1w8N581wD,185307,4,jazz
220,0.588,0.4,7,-11.914,0,0.036,0.851,0.352,0.11,0.468,113.615,36MLLjFug6TJYNODUVR7av,spotify:track:36MLLjFug6TJYNODUVR7av,403640,4,jazz
221,0.443,0.0711,1,-20.146,1,0.0486,0.989,0.894,0.101,0.596,175.02,0ADAFZE0bYIuaIyPNFl3LE,spotify:track:0ADAFZE0bYIuaIyPNFl3LE,172293,4,jazz
222,0.431,0.511,0,-8.052,0,0.0554,0.75,6.22e-05,0.332,0.664,174.922,7f4svguucdFTOv6gOjOvhO,spotify:track:7f4svguucdFTOv6gOjOvhO,733067,4,jazz
223,0.463,0.654,8,-9.72,1,0.0659,0.824,0.917,0.372,0.592,175.204,54h1RKrrFJDsNOfhwmqu9o,spotify:track:54h1RKrrFJDsNOfhwmqu9o,209573,4,jazz
224,0.515,0.583,0,-8.182,0,0.0284,0.749,0.000294,0.123,0.414,116.11,0sCeNwt8xRCMR4NhKpMyBe,spotify:track:0sCeNwt8xRCMR4NhKpMyBe,333947,4,jazz
225,0.583,0.461,5,-9.58,0,0.0482,0.668,0.17,0.162,0.516,131.878,7Kwi4xmgY4qQwOhBe0zsbh,spotify:track:7Kwi4xmgY4qQwOhBe0zsbh,545347,4,jazz
226,0.524,0.299,7,-13.617,1,0.0337,0.621,0.102,0.0706,0.316,91.968,2eUzG1r6YcEXQeiiFWyaaV,spotify:track:2eUzG1r6YcEXQeiiFWyaaV,362867,4,jazz
227,0.38,0.164,7,-14.69,0,0.0452,0.985,0.955,0.125,0.0871,79.03,0IxLWzmafWC5VTnpnvykJq,spotify:track:0IxLWzmafWC5VTnpnvykJq,202640,4,jazz
228,0.454,0.26,8,-13.193,0,0.0401,0.539,0.00078,0.0675,0.598,174.322,1YQWosTIljIvxAgHWTp7KP,spotify:track:1YQWosTIljIvxAgHWTp7KP,324133,5,jazz
229,0.587,0.673,10,-7.858,1,0.0509,0.744,0.00618,0.0721,0.788,123.407,5f0n6K8hW2RIVXuZjxO0bu,spotify:track:5f0n6K8hW2RIVXuZjxO0bu,385867,4,jazz
230,0.493,0.0421,2,-18.071,1,0.0347,0.913,0.173,0.0777,0.172,102.074,7DUGRxCf9NFJffb5Eei8Ar,spotify:track:7DUGRxCf9NFJffb5Eei8Ar,447560,4,jazz
231,0.453,0.367,2,-16.245,0,0.0343,0.0708,0.00183,0.1,0.127,140.832,489alJQIWUauqzKTMuXRjm,spotify:track:489alJQIWUauqzKTMuXRjm,179293,3,jazz
232,0.559,0.481,11,-18.153,0,0.0433,0.673,0.86,0.215,0.494,99.797,0FKnknau5UBXgN2Q6vVHgC,spotify:track:0FKnknau5UBXgN2Q6vVHgC,232378,4,jazz
233,0.356,0.0937,8,-16.64,0,0.0353,0.957,0.096,0.209,0.278,86.669,3PJMsxg6rz9FOo6xNiASXz,spotify:track:3PJMsxg6rz9FOo6xNiASXz,342373,3,jazz
234,0.456,0.222,0,-16.879,1,0.0354,0.938,0.806,0.24,0.15,112.725,4qRJ7ZJyfzchEd2fjle7Bz,spotify:track:4qRJ7ZJyfzchEd2fjle7Bz,392000,4,jazz
235,0.313,0.0437,6,-22.627,1,0.0315,0.989,0.148,0.209,0.0625,100.827,1CTex49P0iWwzUGsMNjgaV,spotify:track:1CTex49P0iWwzUGsMNjgaV,192867,1,jazz
236,0.412,0.195,8,-10.288,1,0.0331,0.9,0.709,0.106,0.0778,133.918,1czzmAtPTw287TyMQEfCfg,spotify:track:1czzmAtPTw287TyMQEfCfg,372493,4,jazz
237,0.598,0.187,10,-15.57,0,0.0484,0.643,0.0439,0.0797,0.399,93.216,2kHsFZZipGAI168yh21B0p,spotify:track:2kHsFZZipGAI168yh21B0p,425582,4,jazz
238,0.184,0.543,11,-13.583,0,0.0391,0.016,0.0,0.105,0.211,98.4,2gG3ivmsfylVXLyIJvLXyN,spotify:track:2gG3ivmsfylVXLyIJvLXyN,396067,3,jazz
239,0.34,0.0837,3,-12.072,1,0.042,0.985,0.761,0.0945,0.119,138.689,0IffIW3eyCx9aZ36IqOu5o,spotify:track:0IffIW3eyCx9aZ36IqOu5o,414240,3,jazz
240,0.387,0.117,0,-17.803,1,0.0299,0.925,0.000171,0.109,0.166,93.575,66iKqUazBbTlAEjcZrpDkD,spotify:track:66iKqUazBbTlAEjcZrpDkD,151867,4,jazz
241,0.581,0.163,0,-16.612,0,0.0547,0.926,0.861,0.116,0.448,88.101,3hY3MPL9hAITPgVfiVlL5K,spotify:track:3hY3MPL9hAITPgVfiVlL5K,347773,4,jazz
242,0.497,0.086,7,-13.579,1,0.0443,0.974,0.00106,0.124,0.171,129.332,6cRsRBzSaGwfnMMqNSjtFY,spotify:track:6cRsRBzSaGwfnMMqNSjtFY,228360,4,jazz
243,0.438,0.106,0,-14.939,1,0.0353,0.947,0.000103,0.147,0.0508,118.785,5m3XMzewNg9EADweC7j7Nn,spotify:track:5m3XMzewNg9EADweC7j7Nn,291173,4,jazz
244,0.653,0.368,10,-11.567,0,0.0439,0.875,0.00305,0.0972,0.249,117.161,4w7EnqiLksvE6rcuR8F8bn,spotify:track:4w7EnqiLksvE6rcuR8F8bn,524093,4,jazz
245,0.439,0.082,0,-17.066,1,0.0407,0.972,0.893,0.0913,0.492,124.69,08rTZ8jNknn8VBS3v2o8pT,spotify:track:08rTZ8jNknn8VBS3v2o8pT,195160,4,jazz
246,0.621,0.0335,2,-21.479,0,0.0395,0.555,0.93,0.218,0.126,104.036,3QxZooLdeJBAf0x405DDI7,spotify:track:3QxZooLdeJBAf0x405DDI7,243333,4,jazz
247,0.546,0.322,0,-19.111,1,0.037,0.662,0.0299,0.76,0.488,96.07,5vze3yFdib2nLOqpmzl5wO,spotify:track:5vze3yFdib2nLOqpmzl5wO,407587,4,jazz
248,0.47,0.684,4,-7.873,0,0.0377,0.714,1.92e-05,0.0797,0.483,128.506,2PGjqrXgOBqP8G4R6EKmpR,spotify:track:2PGjqrXgOBqP8G4R6EKmpR,399467,4,jazz
249,0.446,0.0879,4,-15.059,0,0.0392,0.936,0.0,0.104,0.154,119.511,4LSplRZj1Xk5JUCARpUV8j,spotify:track:4LSplRZj1Xk5JUCARpUV8j,203000,4,jazz
0,0.641,0.0366,0,-26.04,1,0.0428,0.872,0.155,0.107,0.196,102.778,0ZK55vvr1yrm6HXMoUhugy,spotify:track:0ZK55vvr1yrm6HXMoUhugy,340333,4,jazz
1,0.61,0.414,7,-9.503,0,0.0518,0.674,0.00862,0.141,0.509,121.968,58auzrd6rwCLuWleG4bCAy,spotify:track:58auzrd6rwCLuWleG4bCAy,546000,4,jazz
4,0.562,0.447,8,-9.363,1,0.0636,0.633,0.125,0.0884,0.471,68.957,7iOTBeLm5qR9N23fjQy8Kl,spotify:track:7iOTBeLm5qR9N23fjQy8Kl,297040,4,jazz
5,0.523,0.33,0,-10.549,0,0.0435,0.92,0.0103,0.0808,0.707,159.949,35hrtW3WmLUVn32cOjFa6f,spotify:track:35hrtW3WmLUVn32cOjFa6f,192186,4,jazz
6,0.47,0.308,5,-18.663,1,0.0369,0.82,0.039,0.115,0.857,115.459,4aThNuFztJ15YremppiZUJ,spotify:track:4aThNuFztJ15YremppiZUJ,203467,4,jazz
8,0.62,0.203,8,-15.599,0,0.0341,0.798,0.501,0.0649,0.27,116.8,56elAIX47Q7vSQ1bpKNhHo,spotify:track:56elAIX47Q7vSQ1bpKNhHo,487280,4,jazz
9,0.511,0.431,0,-9.372,0,0.0583,0.686,0.753,0.233,0.699,131.309,189Ut7anuQjKNbiHIHBOaa,spotify:track:189Ut7anuQjKNbiHIHBOaa,297493,4,jazz
10,0.52,0.216,7,-19.432,1,0.0404,0.787,0.318,0.117,0.368,144.849,3MorzsnlfKD1SlMWdDtKwb,spotify:track:3MorzsnlfKD1SlMWdDtKwb,464613,4,jazz
11,0.433,0.367,3,-15.473,1,0.0394,0.767,0.588,0.126,0.616,147.006,2ul1uIgptw43J3BkpA2g69,spotify:track:2ul1uIgptw43J3BkpA2g69,459866,4,jazz
12,0.631,0.48,5,-12.429,0,0.037,0.873,0.459,0.122,0.868,96.439,18Rt4272J5ngkGAWUtWBzk,spotify:track:18Rt4272J5ngkGAWUtWBzk,427000,4,jazz
13,0.442,0.677,8,-9.76,1,0.144,0.513,0.1,0.282,0.649,123.31,3FbVaUe0hFeLKun8dHAOls,spotify:track:3FbVaUe0hFeLKun8dHAOls,762667,4,jazz
14,0.571,0.437,10,-11.839,1,0.0329,0.896,0.0328,0.0798,0.797,83.762,6uVi3VWCVMfXviWa8DTCwN,spotify:track:6uVi3VWCVMfXviWa8DTCwN,166613,4,jazz
15,0.575,0.283,5,-13.333,0,0.0457,0.961,0.204,0.104,0.659,152.929,1xlNWhgv6MgVKvGK3ZXauZ,spotify:track:1xlNWhgv6MgVKvGK3ZXauZ,442400,3,jazz
17,0.544,0.376,10,-14.023,1,0.0376,0.766,0.0144,0.135,0.582,82.3,5anYdzYJguGLEcbgL6G2Qm,spotify:track:5anYdzYJguGLEcbgL6G2Qm,277373,4,jazz
18,0.631,0.282,9,-14.755,0,0.0635,0.35,0.00921,0.229,0.556,92.336,4LmLxaTfPM1yrtqpX86rLx,spotify:track:4LmLxaTfPM1yrtqpX86rLx,300707,4,jazz
20,0.478,0.534,5,-9.985,1,0.0386,0.485,0.00425,0.188,0.673,100.317,0cvA7oe0YMEOl5L017P9lq,spotify:track:0cvA7oe0YMEOl5L017P9lq,181707,4,jazz
21,0.67,0.236,6,-15.939,1,0.0825,0.949,0.918,0.118,0.59,122.178,2KJ2lr5rI6eNsEj7jGTY5g,spotify:track:2KJ2lr5rI6eNsEj7jGTY5g,405943,4,jazz
22,0.534,0.449,5,-9.1,1,0.0363,0.779,0.000833,0.147,0.607,81.065,4VhFcVYUSxazQVNDCAIGhP,spotify:track:4VhFcVYUSxazQVNDCAIGhP,358747,4,jazz
23,0.573,0.245,8,-13.4,1,0.0349,0.654,0.000373,0.157,0.506,129.271,1UOH2i8z5xitX8PgVUH6nU,spotify:track:1UOH2i8z5xitX8PgVUH6nU,583267,4,jazz
25,0.701,0.137,0,-16.397,1,0.0417,0.991,0.912,0.155,0.68,92.341,1cKieOitNWqzxDdOboOzHy,spotify:track:1cKieOitNWqzxDdOboOzHy,311813,4,jazz
26,0.46,0.609,9,-8.67,0,0.121,0.755,0.000135,0.159,0.839,179.485,1AMqC4GiDjbfwpl40kEWpX,spotify:track:1AMqC4GiDjbfwpl40kEWpX,180533,4,jazz
27,0.575,0.17,5,-16.196,1,0.0535,0.901,0.0306,0.179,0.37,77.048,3wBXrskjoga4hPUvewTxDR,spotify:track:3wBXrskjoga4hPUvewTxDR,384337,4,jazz
28,0.572,0.183,5,-19.793,0,0.047,0.884,0.903,0.127,0.336,119.079,6Ebo4NsSp7utwQMrs3MTl2,spotify:track:6Ebo4NsSp7utwQMrs3MTl2,414667,4,jazz
29,0.697,0.134,0,-19.991,1,0.0545,0.862,0.937,0.1,0.416,96.519,5JyG1qNpWmCKXiEqPUdOXK,spotify:track:5JyG1qNpWmCKXiEqPUdOXK,180533,4,jazz
30,0.499,0.149,0,-18.305,1,0.0314,0.771,0.00469,0.115,0.363,139.815,5o3DSHw1ORhM3lWxqGRvEf,spotify:track:5o3DSHw1ORhM3lWxqGRvEf,692747,3,jazz
31,0.519,0.46,10,-12.998,1,0.0304,0.956,0.962,0.303,0.802,103.835,59SgNbsj3NHKPjMApBmWHU,spotify:track:59SgNbsj3NHKPjMApBmWHU,205333,4,jazz
32,0.472,0.23,5,-18.543,0,0.035,0.472,0.000114,0.141,0.498,93.099,6UR3pf66R1zloruniAFkp1,spotify:track:6UR3pf66R1zloruniAFkp1,682173,4,jazz
33,0.589,0.519,5,-10.936,0,0.0415,0.758,2.93e-05,0.341,0.618,117.888,4AkebkAOIiVfpmQj8LDpAy,spotify:track:4AkebkAOIiVfpmQj8LDpAy,440084,4,jazz
34,0.683,0.419,1,-11.7,1,0.0456,0.25,0.000127,0.322,0.544,82.228,2w3DhdtQDnAzeNNH39kfpJ,spotify:track:2w3DhdtQDnAzeNNH39kfpJ,220520,4,jazz
35,0.558,0.057,1,-24.249,1,0.0535,0.909,0.582,0.0929,0.289,78.852,69enZcR3Rr9Bg3fNzHEp9y,spotify:track:69enZcR3Rr9Bg3fNzHEp9y,276133,4,jazz
37,0.566,0.374,5,-11.194,0,0.0507,0.596,0.0102,0.172,0.326,115.735,1OjmEyEycmzJK3itBAq8EG,spotify:track:1OjmEyEycmzJK3itBAq8EG,787933,4,jazz
38,0.554,0.445,0,-10.211,0,0.0385,0.674,1.06e-05,0.0926,0.498,80.505,2jArAY0sRtdIN8r9oS0ryO,spotify:track:2jArAY0sRtdIN8r9oS0ryO,512147,4,jazz
39,0.497,0.315,10,-19.926,1,0.0426,0.968,0.875,0.106,0.822,92.858,3qfsuszc9cwvUI56OdCbqR,spotify:track:3qfsuszc9cwvUI56OdCbqR,400373,4,jazz
40,0.419,0.58,8,-6.566,1,0.0525,0.228,0.00353,0.277,0.63,202.668,5FzhjFoN3ND1tvndL6rAOj,spotify:track:5FzhjFoN3ND1tvndL6rAOj,182867,3,jazz
41,0.526,0.71,10,-9.846,1,0.0455,0.662,0.0998,0.234,0.838,129.588,10pXPSiE2qtzLMyeic3Vdm,spotify:track:10pXPSiE2qtzLMyeic3Vdm,414267,4,jazz
42,0.588,0.223,5,-16.551,0,0.0487,0.776,0.000631,0.106,0.412,126.747,2w2S61Es3uLMVHE41u1pev,spotify:track:2w2S61Es3uLMVHE41u1pev,650467,4,jazz
43,0.433,0.631,5,-9.381,1,0.0458,0.199,0.0,0.271,0.654,129.493,6aNnVdpAQu8R0qGq5NMXyZ,spotify:track:6aNnVdpAQu8R0qGq5NMXyZ,282600,4,jazz
44,0.525,0.586,5,-9.888,1,0.0441,0.456,0.0,0.226,0.583,96.835,4tmApkhSLqUAE7x70CVI2L,spotify:track:4tmApkhSLqUAE7x70CVI2L,556227,4,jazz
45,0.465,0.566,0,-9.161,0,0.0935,0.736,0.00479,0.218,0.632,177.28,06HwBSKPrMyC6HdiEMeKNX,spotify:track:06HwBSKPrMyC6HdiEMeKNX,592507,4,jazz
46,0.493,0.113,3,-18.731,1,0.0567,0.994,0.952,0.106,0.329,94.024,1K4d8wa5NanzH425a42DMn,spotify:track:1K4d8wa5NanzH425a42DMn,217333,4,jazz
47,0.519,0.319,10,-11.964,0,0.0346,0.93,0.7,0.11,0.677,147.821,7MpR13JCgWsEJe3iJzax5B,spotify:track:7MpR13JCgWsEJe3iJzax5B,422760,3,jazz
48,0.589,0.372,5,-10.429,0,0.0299,0.496,0.0,0.359,0.597,90.738,3VvIjPjxHLRTXNJ8vSKkKN,spotify:track:3VvIjPjxHLRTXNJ8vSKkKN,215093,4,jazz
49,0.475,0.541,5,-11.89,0,0.0749,0.466,1.24e-05,0.319,0.596,131.121,5ytXSrCiSO8UWL4f6rAOJy,spotify:track:5ytXSrCiSO8UWL4f6rAOJy,423160,4,jazz
1,0.466,0.0718,0,-17.999,1,0.0375,0.984,0.000931,0.107,0.196,121.769,1HEGcv63IZ7TPncpVKdVdN,spotify:track:1HEGcv63IZ7TPncpVKdVdN,294307,4,jazz
2,0.41,0.0418,1,-24.754,1,0.035,0.977,0.0137,0.117,0.247,67.882,5QnCtH7euld6R68UwcWrte,spotify:track:5QnCtH7euld6R68UwcWrte,184467,4,jazz
5,0.311,0.127,8,-15.463,1,0.0292,0.938,0.0111,0.182,0.105,87.127,6AjznBCgVaYESh8UHsHpDz,spotify:track:6AjznBCgVaYESh8UHsHpDz,249667,4,jazz
6,0.563,0.136,3,-17.402,1,0.0683,0.87,0.0,0.106,0.368,104.928,1V4NaFlrUCK49MXcdOcVeS,spotify:track:1V4NaFlrUCK49MXcdOcVeS,280000,4,jazz
7,0.498,0.484,5,-8.74,0,0.0315,0.481,0.0,0.243,0.691,152.498,7gxW8hMXEUkc1G3m7z9vei,spotify:track:7gxW8hMXEUkc1G3m7z9vei,145933,4,jazz
8,0.371,0.145,5,-14.587,1,0.0315,0.945,0.0,0.112,0.167,68.722,3xZe0jFAwc3akvChOrPS7u,spotify:track:3xZe0jFAwc3akvChOrPS7u,192560,4,jazz
9,0.484,0.0631,7,-16.494,1,0.0353,0.972,0.000292,0.143,0.243,136.482,7n8HjcaEQzwwpyxHdjWjQq,spotify:track:7n8HjcaEQzwwpyxHdjWjQq,126293,4,jazz
10,0.44,0.0492,1,-15.265,1,0.038,0.98,0.0253,0.0936,0.185,111.462,1lk5RIC2NMUMLgyOVMSCKs,spotify:track:1lk5RIC2NMUMLgyOVMSCKs,178960,4,jazz
13,0.431,0.0284,3,-17.673,1,0.0377,0.977,8.59e-06,0.224,0.109,141.494,3mADbrwcu80uRhrgrAaPTz,spotify:track:3mADbrwcu80uRhrgrAaPTz,174280,4,jazz
14,0.492,0.195,2,-14.387,1,0.0272,0.94,0.0108,0.108,0.161,89.777,3q634ZiAdA9bcg135bdJxo,spotify:track:3q634ZiAdA9bcg135bdJxo,232280,4,jazz
15,0.587,0.279,1,-10.186,1,0.0356,0.85,0.000641,0.0646,0.418,76.111,6GtJqo0vr7DqWOHQtp77cV,spotify:track:6GtJqo0vr7DqWOHQtp77cV,271333,4,jazz
16,0.432,0.214,5,-13.655,0,0.0539,0.886,5.83e-06,0.0933,0.274,204.426,0rXZu998CXslEpwhxdHzeu,spotify:track:0rXZu998CXslEpwhxdHzeu,266733,3,jazz
17,0.58,0.0545,9,-14.594,0,0.0473,0.963,0.000265,0.0967,0.177,123.341,6crfO56bDm0RjpctUuGs5X,spotify:track:6crfO56bDm0RjpctUuGs5X,149827,4,jazz
19,0.263,0.166,1,-15.047,1,0.033,0.947,6.71e-05,0.157,0.146,98.659,6k8VkbcU1CrMM2jbWfRF6O,spotify:track:6k8VkbcU1CrMM2jbWfRF6O,218067,5,jazz
20,0.586,0.0652,0,-16.049,1,0.0389,0.791,0.0,0.162,0.54,119.287,65O89M7GMB8pA88VyxxJm7,spotify:track:65O89M7GMB8pA88VyxxJm7,104360,4,jazz
22,0.387,0.0546,0,-17.244,0,0.0327,0.945,8.34e-05,0.1,0.181,105.439,3qo1rizHmEmLPZbCwYSiKX,spotify:track:3qo1rizHmEmLPZbCwYSiKX,229227,4,jazz
23,0.274,0.348,5,-8.631,1,0.0293,0.547,0.0133,0.334,0.328,87.43,4Hhv2vrOTy89HFRcjU3QOx,spotify:track:4Hhv2vrOTy89HFRcjU3QOx,179693,3,jazz
24,0.159,0.269,0,-11.761,1,0.0319,0.799,4.12e-06,0.164,0.151,79.416,63tbczwYZv3Mctr064eQR4,spotify:track:63tbczwYZv3Mctr064eQR4,228693,4,jazz
25,0.546,0.418,3,-10.411,1,0.041,0.359,1.67e-06,0.124,0.69,101.211,1RcLTd97Z6CGEXuKxyornO,spotify:track:1RcLTd97Z6CGEXuKxyornO,167160,4,jazz
26,0.295,0.207,7,-14.584,1,0.0381,0.745,1.5e-06,0.309,0.169,121.33,0q4svepUwk6ZDLZEQlhKQn,spotify:track:0q4svepUwk6ZDLZEQlhKQn,241733,3,jazz
27,0.491,0.0348,6,-15.628,1,0.0515,0.98,0.00258,0.131,0.117,114.341,2qf5Xr89ShgSu1up0xQmLt,spotify:track:2qf5Xr89ShgSu1up0xQmLt,191360,4,jazz
28,0.184,0.292,7,-12.246,1,0.0312,0.878,0.000258,0.346,0.143,75.63,4y8icjzu6fZP503Mg31Tpn,spotify:track:4y8icjzu6fZP503Mg31Tpn,224227,4,jazz
29,0.337,0.125,0,-17.522,0,0.0374,0.8,1.66e-06,0.115,0.241,114.51,3SzFMhHBt7bw0eS35946N6,spotify:track:3SzFMhHBt7bw0eS35946N6,196960,4,jazz
30,0.634,0.304,0,-10.711,1,0.0522,0.789,4.82e-05,0.123,0.495,125.279,4x4gE6oHHuZ2y7yUsGuOO1,spotify:track:4x4gE6oHHuZ2y7yUsGuOO1,226680,3,jazz
31,0.347,0.0781,5,-17.693,1,0.037,0.859,0.0,0.247,0.227,79.614,0m4Ka878HsCzbypCAxLQWG,spotify:track:0m4Ka878HsCzbypCAxLQWG,161960,3,jazz
32,0.285,0.00437,2,-33.386,0,0.0386,0.974,0.00305,0.0708,0.0992,176.012,1qJZMKfspF92mDSeQtkjb6,spotify:track:1qJZMKfspF92mDSeQtkjb6,216627,3,jazz
33,0.188,0.0767,7,-24.695,1,0.037,0.85,0.000137,0.189,0.146,76.22,4YPYFUATiul0877A1HhSlW,spotify:track:4YPYFUATiul0877A1HhSlW,194040,3,jazz
34,0.497,0.379,7,-11.116,1,0.0494,0.703,2.23e-06,0.107,0.656,103.351,48QgQqeezCQCHKr009uAe6,spotify:track:48QgQqeezCQCHKr009uAe6,109813,4,jazz
36,0.42,0.11,0,-17.699,1,0.0357,0.844,3.97e-05,0.0896,0.228,64.554,5JXIXRW1vXBgWvBqyUEHZg,spotify:track:5JXIXRW1vXBgWvBqyUEHZg,206987,4,jazz
37,0.512,0.229,8,-11.569,1,0.0411,0.93,0.0,0.0955,0.478,95.571,2RnJD2mTBxqvHcqmXk1n9c,spotify:track:2RnJD2mTBxqvHcqmXk1n9c,184720,4,jazz
38,0.561,0.315,2,-10.179,1,0.0731,0.738,1.23e-06,0.0732,0.727,77.504,5QjNF4TMjF2E72D3nAIty6,spotify:track:5QjNF4TMjF2E72D3nAIty6,154627,4,jazz
39,0.399,0.258,5,-16.028,1,0.033,0.792,1.86e-06,0.128,0.192,108.174,1qCQTy0fTXerET4x8VHyr9,spotify:track:1qCQTy0fTXerET4x8VHyr9,137520,3,jazz
40,0.499,0.0341,8,-22.31,1,0.0417,0.923,5.27e-05,0.131,0.31,81.735,06UkYE0SZ3Y8zGRFOuWGAe,spotify:track:06UkYE0SZ3Y8zGRFOuWGAe,215467,4,jazz
41,0.398,0.165,9,-14.197,0,0.0348,0.947,0.000322,0.237,0.133,70.739,5I6Z43PxKiAJv5qnJ7UYOb,spotify:track:5I6Z43PxKiAJv5qnJ7UYOb,219467,4,jazz
42,0.487,0.0673,7,-17.227,0,0.0406,0.946,1.05e-05,0.123,0.21,114.554,0QpIXiEeziy7SYf85KH0z6,spotify:track:0QpIXiEeziy7SYf85KH0z6,194867,3,jazz
43,0.505,0.321,7,-9.175,1,0.0599,0.968,0.382,0.0993,0.533,150.235,6Y8QG1S14e2o0Tx0rppi0V,spotify:track:6Y8QG1S14e2o0Tx0rppi0V,173920,4,jazz
44,0.43,0.0451,10,-17.989,1,0.0348,0.782,0.0,0.231,0.0608,139.808,2Ako7iEOscH89vNTr14djH,spotify:track:2Ako7iEOscH89vNTr14djH,362693,4,jazz
45,0.27,0.343,7,-7.254,1,0.0358,0.88,0.0,0.187,0.409,76.424,5xztcbdIaombDndOibp9Su,spotify:track:5xztcbdIaombDndOibp9Su,188267,4,jazz
46,0.235,0.136,9,-18.374,0,0.0317,0.863,1.7e-05,0.127,0.22,79.693,4YZL8oBgTZrLYeAFHWuDJP,spotify:track:4YZL8oBgTZrLYeAFHWuDJP,209067,3,jazz
47,0.448,0.179,8,-15.584,1,0.0572,0.831,0.0,0.175,0.265,130.166,7EizYZzw8hTQQ6twxOvfWl,spotify:track:7EizYZzw8hTQQ6twxOvfWl,226973,5,jazz
48,0.374,0.0852,10,-21.29,0,0.0357,0.901,0.00806,0.106,0.158,75.706,7ByMl8ACN6rkAbN5c8T8BV,spotify:track:7ByMl8ACN6rkAbN5c8T8BV,339893,3,jazz
49,0.407,0.17,10,-13.409,1,0.0341,0.76,0.0,0.0737,0.577,124.047,3x6wVKXfCm85Pw7gYo0rqq,spotify:track:3x6wVKXfCm85Pw7gYo0rqq,188267,4,jazz
50,0.621,0.127,10,-14.823,1,0.044,0.918,1.5e-06,0.131,0.329,81.415,3JrECZZVBiWeL9GJMMfzdj,spotify:track:3JrECZZVBiWeL9GJMMfzdj,162000,4,jazz
51,0.611,0.455,7,-10.254,1,0.042,0.411,0.000161,0.12,0.826,123.691,77fsTNViSLqcwuSMQhSwB0,spotify:track:77fsTNViSLqcwuSMQhSwB0,118000,4,jazz
52,0.569,0.423,0,-8.453,1,0.0861,0.838,0.0,0.144,0.514,93.956,0UuRIovHyU6KeTzY4gS0L2,spotify:track:0UuRIovHyU6KeTzY4gS0L2,170547,4,jazz
53,0.466,0.0456,8,-20.84,1,0.0416,0.877,0.0,0.129,0.366,130.752,1NV8LlaC1InXaDQOcMBQTg,spotify:track:1NV8LlaC1InXaDQOcMBQTg,241613,4,jazz
55,0.154,0.328,0,-10.936,0,0.0315,0.876,0.149,0.114,0.108,75.753,1EXfuimx2HlQT7MjHP0jha,spotify:track:1EXfuimx2HlQT7MjHP0jha,236173,4,jazz
56,0.4,0.291,0,-11.997,1,0.0438,0.61,0.0,0.16,0.458,130.502,5Vtq6dHdwbjHqifCeSL4d3,spotify:track:5Vtq6dHdwbjHqifCeSL4d3,104773,4,jazz
57,0.626,0.304,7,-13.439,0,0.0309,0.891,0.000147,0.146,0.496,111.918,0EiGzshQIaM98eOXdKTGaD,spotify:track:0EiGzshQIaM98eOXdKTGaD,142613,4,jazz
58,0.682,0.417,6,-9.682,1,0.0464,0.701,2.16e-05,0.365,0.53,97.631,7K0B3d8hgj9cAhku48eGwN,spotify:track:7K0B3d8hgj9cAhku48eGwN,229613,4,jazz
60,0.457,0.0651,0,-19.429,0,0.0314,0.661,0.0,0.169,0.367,103.812,7lZagRCKskAjzZ40Kdx4bB,spotify:track:7lZagRCKskAjzZ40Kdx4bB,142520,4,jazz
61,0.752,0.287,1,-10.675,1,0.283,0.563,0.0,0.0642,0.681,139.15,499GXjmRXzKrZLmiWrhvuY,spotify:track:499GXjmRXzKrZLmiWrhvuY,150053,4,jazz
62,0.451,0.219,8,-7.462,1,0.0321,0.912,0.0,0.251,0.29,80.144,35fAfaeEMDKYWOnZGDr6NG,spotify:track:35fAfaeEMDKYWOnZGDr6NG,163474,4,jazz
63,0.269,0.258,3,-14.4,1,0.0424,0.849,0.000145,0.162,0.472,176.53,3Dwj9k9GC0Tm8nDvE9U5Pg,spotify:track:3Dwj9k9GC0Tm8nDvE9U5Pg,161173,5,jazz
64,0.292,0.487,5,-8.239,1,0.0285,0.615,0.0,0.178,0.531,93.309,4yRPGDmtIWZjhIPcEvPxsF,spotify:track:4yRPGDmtIWZjhIPcEvPxsF,157867,4,jazz
65,0.64,0.297,5,-9.299,1,0.0473,0.813,0.0,0.249,0.513,115.998,08RnPHoZRQr6BuD92JRvkk,spotify:track:08RnPHoZRQr6BuD92JRvkk,172933,4,jazz
66,0.285,0.142,3,-14.634,1,0.0356,0.849,0.00246,0.443,0.374,82.002,6pX2pj2rgiMky1DoIJTCoj,spotify:track:6pX2pj2rgiMky1DoIJTCoj,187040,4,jazz
67,0.306,0.174,6,-11.554,1,0.0347,0.694,0.0,0.605,0.218,78.143,6gEIFDwEixJQy6DbxToS77,spotify:track:6gEIFDwEixJQy6DbxToS77,189867,4,jazz
68,0.439,0.153,0,-17.529,0,0.115,0.783,0.0,0.289,0.317,57.285,5mRF9wpnR4j6QnRXJCNgoO,spotify:track:5mRF9wpnR4j6QnRXJCNgoO,521200,4,jazz
69,0.619,0.288,1,-11.199,1,0.0366,0.575,0.0,0.22,0.648,136.624,1nYBShHiR5XZTqQTSmAfHA,spotify:track:1nYBShHiR5XZTqQTSmAfHA,172040,4,jazz
70,0.683,0.187,4,-14.291,0,0.061,0.651,0.0,0.13,0.597,121.618,6fDN0uwvXXzQCusv36sjhZ,spotify:track:6fDN0uwvXXzQCusv36sjhZ,280400,4,jazz
71,0.39,0.05,4,-14.448,0,0.0544,0.909,0.000608,0.0832,0.16,174.401,4ur0Fd4coSwWtP8MWpkjR9,spotify:track:4ur0Fd4coSwWtP8MWpkjR9,164867,3,jazz
72,0.514,0.333,2,-10.817,1,0.0355,0.774,0.0,0.0888,0.458,68.189,3qTYzMkbzxqRtA2hlSz4Ba,spotify:track:3qTYzMkbzxqRtA2hlSz4Ba,133213,4,jazz
73,0.423,0.212,5,-11.44,0,0.0333,0.909,4.53e-05,0.116,0.2,112.187,7GfGULTcjWV5Np3xFNZ9hW,spotify:track:7GfGULTcjWV5Np3xFNZ9hW,337707,4,jazz
74,0.272,0.289,7,-8.079,1,0.0349,0.952,0.0,0.137,0.116,77.703,15MObStooR3cTaXIf1fQCX,spotify:track:15MObStooR3cTaXIf1fQCX,142867,3,jazz
76,0.516,0.248,0,-13.391,1,0.0388,0.804,0.000248,0.163,0.403,111.63,4W2LV899ys1sJTTlu40EPh,spotify:track:4W2LV899ys1sJTTlu40EPh,133680,4,jazz
77,0.283,0.146,3,-15.957,1,0.0369,0.958,0.00569,0.109,0.194,126.391,4LXa7I51n7gzUf2TKu9vpM,spotify:track:4LXa7I51n7gzUf2TKu9vpM,166413,5,jazz
78,0.472,0.0314,7,-18.006,1,0.0364,0.976,1.46e-05,0.15,0.194,135.555,0j3ideT0tRuIyRhOOUQjYa,spotify:track:0j3ideT0tRuIyRhOOUQjYa,182653,4,jazz
79,0.478,0.00776,10,-24.986,1,0.0614,0.983,0.78,0.105,0.215,114.27,4QwzVlAJSkcLeCNQ6Ug30P,spotify:track:4QwzVlAJSkcLeCNQ6Ug30P,499533,4,jazz
80,0.494,0.302,2,-10.51,0,0.0711,0.685,0.0,0.281,0.785,148.197,04kFa5D5by0or1IN6bI9N7,spotify:track:04kFa5D5by0or1IN6bI9N7,129267,4,jazz
81,0.446,0.409,7,-11.196,0,0.0579,0.753,0.0,0.0601,0.43,81.652,4waAobn5tpdqVoH9R8oDqc,spotify:track:4waAobn5tpdqVoH9R8oDqc,225933,4,jazz
82,0.186,0.17,5,-13.309,1,0.0406,0.903,0.123,0.169,0.0639,65.085,3CbN0iFlYubKNVsJHZPmuH,spotify:track:3CbN0iFlYubKNVsJHZPmuH,203773,4,jazz
83,0.492,0.2,7,-19.616,1,0.146,0.605,0.0,0.123,0.512,140.102,3HYAO6bacg5rW3hVH2qoHF,spotify:track:3HYAO6bacg5rW3hVH2qoHF,195107,4,jazz
84,0.421,0.0873,5,-16.897,1,0.0397,0.958,7.28e-05,0.234,0.0721,117.069,4NHNztFS67GSpnU611l74v,spotify:track:4NHNztFS67GSpnU611l74v,374750,4,jazz
85,0.517,0.0642,5,-16.543,1,0.0669,0.967,0.0,0.255,0.352,79.468,0W74XoidEMmssr9r7QwE44,spotify:track:0W74XoidEMmssr9r7QwE44,177007,3,jazz
86,0.451,0.0604,2,-20.696,0,0.0292,0.941,0.000218,0.118,0.211,65.692,7g4vp6gM7cpMCZabF6vWm6,spotify:track:7g4vp6gM7cpMCZabF6vWm6,150721,4,jazz
87,0.468,0.0104,10,-28.365,1,0.041,0.941,0.00233,0.137,0.233,107.255,7HqMu6Oa7jLQVDUuWiy6v2,spotify:track:7HqMu6Oa7jLQVDUuWiy6v2,146040,4,jazz
88,0.366,0.0551,3,-21.543,1,0.038,0.876,6.41e-05,0.224,0.24,94.657,3JByavtrnBqKpNzl18SGNI,spotify:track:3JByavtrnBqKpNzl18SGNI,219507,4,jazz
89,0.193,0.205,1,-16.639,0,0.0362,0.948,0.183,0.386,0.172,69.694,50zTR9gR9NGol94nv0rZXf,spotify:track:50zTR9gR9NGol94nv0rZXf,195627,4,jazz
90,0.216,0.18,10,-14.093,1,0.0311,0.957,0.00159,0.221,0.103,80.6,2ecdYdhDTfQ3P9rGQzFVi5,spotify:track:2ecdYdhDTfQ3P9rGQzFVi5,167724,3,jazz
91,0.511,0.538,7,-8.017,1,0.0337,0.687,0.0,0.167,0.227,117.939,6MbV4d7n6EGqq7wuGazsUw,spotify:track:6MbV4d7n6EGqq7wuGazsUw,186133,4,jazz
92,0.493,0.474,0,-9.817,1,0.071,0.81,0.000342,0.0887,0.712,203.464,4TktGfWqFoYgimmSo1ApQQ,spotify:track:4TktGfWqFoYgimmSo1ApQQ,182293,4,jazz
93,0.201,0.228,8,-14.509,1,0.0332,0.954,0.0189,0.112,0.0863,78.326,31Av0tiBUfxZhagZ5hZDIS,spotify:track:31Av0tiBUfxZhagZ5hZDIS,253160,4,jazz
94,0.699,0.147,7,-16.751,1,0.0501,0.881,0.0,0.128,0.437,116.689,3dn8g7gDYKEZxtcRQlEV67,spotify:track:3dn8g7gDYKEZxtcRQlEV67,220640,4,jazz
95,0.457,0.0479,9,-17.218,0,0.0373,0.981,1.11e-05,0.072,0.193,108.757,2fSlY7Sv6ZKcTOkp1ki9xL,spotify:track:2fSlY7Sv6ZKcTOkp1ki9xL,179453,1,jazz
96,0.311,0.251,8,-13.245,1,0.0319,0.95,0.000232,0.194,0.211,133.619,6QQZ902yIsQOHCusbHb3g9,spotify:track:6QQZ902yIsQOHCusbHb3g9,211133,4,jazz
97,0.484,0.0571,5,-20.86,0,0.0609,0.84,0.00334,0.0784,0.309,87.036,1ueC3LYUbZKlzkGf7rtnMb,spotify:track:1ueC3LYUbZKlzkGf7rtnMb,201547,4,jazz
98,0.555,0.143,8,-16.211,1,0.0474,0.939,1.49e-06,0.116,0.626,144.188,1gpAfQ8jtLxlqARnuhysFc,spotify:track:1gpAfQ8jtLxlqARnuhysFc,125947,4,jazz
99,0.716,0.18,1,-13.809,1,0.0579,0.678,0.0,0.141,0.719,80.45,5wK0I2nGDosuttrhkVHZnO,spotify:track:5wK0I2nGDosuttrhkVHZnO,122800,4,jazz
